occupation_title,median_annual_wage_2018,typical_entry_level_education,education_code,work_experience,typical_on_the_job_training
Accountants and auditors    ,70500,Bachelors degree,3,None,None
Actors    ,,Some college no degree,6,None,Long-term on-the-job training
Actuaries    ,102880,Bachelors degree,3,None,Long-term on-the-job training
Adhesive bonding machine operators and tenders    ,33820,High school diploma or equivalent,7,None,Moderate-term on-the-job training
Administrative law judges,99850,Doctoral or professional degree,1,5 years or more,Short-term on-the-job training
Administrative services managers    ,96180,Bachelors degree,3,Less than 5 years,None
Adult basic and secondary education and literacy teachers and instructors    ,53630,Bachelors degree,3,None,None
Advertising and promotions managers    ,117130,Bachelors degree,3,Less than 5 years,None
Advertising sales agents    ,51740,High school diploma or equivalent,7,None,Moderate-term on-the-job training
Aerospace engineering and operations technicians    ,67010,Associates degree,4,None,None
Aerospace engineers    ,115220,Bachelors degree,3,None,None
Agents and business managers of artists,66040,Bachelors degree,3,Less than 5 years,None
Agricultural and food science technicians    ,40860,Associates degree,4,None,Moderate-term on-the-job training
Agricultural engineers    ,77110,Bachelors degree,3,None,None
Agricultural equipment operators    ,31190,No formal educational credential,8,None,Moderate-term on-the-job training
Agricultural inspectors    ,44140,Bachelors degree,3,None,Moderate-term on-the-job training
Agricultural sciences teachers,84640,Doctoral or professional degree,1,None,None
Agricultural workers,29480,No formal educational credential,8,None,Short-term on-the-job training
Air traffic controllers    ,124540,Associates degree,4,None,Long-term on-the-job training
Aircraft cargo handling supervisors    ,48610,High school diploma or equivalent,7,Less than 5 years,None
Aircraft mechanics and service technicians    ,62920,Postsecondary nondegree award,5,None,None
Aircraft structure,53340,High school diploma or equivalent,7,None,Moderate-term on-the-job training
Airfield operations specialists    ,52200,High school diploma or equivalent,7,None,Long-term on-the-job training
Airline pilots,140340,Bachelors degree,3,Less than 5 years,Moderate-term on-the-job training
Ambulance drivers and attendants,25750,High school diploma or equivalent,7,None,Moderate-term on-the-job training
Amusement and recreation attendants    ,22260,No formal educational credential,8,None,Short-term on-the-job training
Anesthesiologists    ,>=208000,Doctoral or professional degree,1,None,Internship/residency
Animal breeders    ,37060,High school diploma or equivalent,7,None,Short-term on-the-job training
Animal control workers    ,36330,High school diploma or equivalent,7,None,Moderate-term on-the-job training
Animal scientists    ,58380,Bachelors degree,3,None,None
Animal trainers    ,29290,High school diploma or equivalent,7,None,Moderate-term on-the-job training
Anthropologists and archeologists    ,62410,Masters degree,2,None,None
Anthropology and archeology teachers,83940,Doctoral or professional degree,1,None,None
Appraisers and assessors of real estate    ,54980,Bachelors degree,3,None,Long-term on-the-job training
Arbitrators,62270,Bachelors degree,3,Less than 5 years,Moderate-term on-the-job training
Architects,79380,Bachelors degree,3,None,Internship/residency
Architectural and civil drafters    ,54920,Associates degree,4,None,None
Architectural and engineering managers    ,140760,Bachelors degree,3,5 years or more,None
Architecture teachers,86980,Doctoral or professional degree,1,None,None
Archivists    ,52240,Masters degree,2,None,None
Area,74440,Doctoral or professional degree,1,None,None
Art directors    ,92780,Bachelors degree,3,5 years or more,None
Art,69960,Masters degree,2,None,None
Artists and related workers,65390,No formal educational credential,8,None,Long-term on-the-job training
Assemblers and fabricators,31540,High school diploma or equivalent,7,None,Moderate-term on-the-job training
Astronomers    ,105680,Doctoral or professional degree,1,None,None
Athletes and sports competitors    ,50650,No formal educational credential,8,None,Long-term on-the-job training
Athletic trainers    ,47510,Bachelors degree,3,None,None
Atmospheric and space scientists    ,94110,Bachelors degree,3,None,None
Atmospheric,90860,Doctoral or professional degree,1,None,None
Audio and video equipment technicians    ,43770,Postsecondary nondegree award,5,None,Short-term on-the-job training
Audio-visual and multimedia collections specialists    ,49600,Bachelors degree,3,Less than 5 years,None
Audiologists    ,75920,Doctoral or professional degree,1,None,None
Automotive and watercraft service attendants    ,24200,No formal educational credential,8,None,Short-term on-the-job training
Automotive body and related repairers    ,42730,High school diploma or equivalent,7,None,Long-term on-the-job training
Automotive glass installers and repairers    ,34170,High school diploma or equivalent,7,None,Moderate-term on-the-job training
Automotive service technicians and mechanics    ,40710,Postsecondary nondegree award,5,None,Short-term on-the-job training
Avionics technicians    ,64140,Associates degree,4,None,None
Baggage porters and bellhops    ,24210,High school diploma or equivalent,7,None,Short-term on-the-job training
Bailiffs    ,45760,High school diploma or equivalent,7,None,Moderate-term on-the-job training
Bakers    ,26520,No formal educational credential,8,None,Long-term on-the-job training
Barbers    ,27960,Postsecondary nondegree award,5,None,None
Bartenders    ,22550,No formal educational credential,8,None,Short-term on-the-job training
Bicycle repairers    ,28960,High school diploma or equivalent,7,None,Moderate-term on-the-job training
Bill and account collectors    ,36020,High school diploma or equivalent,7,None,Moderate-term on-the-job training
Billing and posting clerks    ,37800,High school diploma or equivalent,7,None,Moderate-term on-the-job training
Biochemists and biophysicists    ,93280,Doctoral or professional degree,1,None,None
Biological science teachers,82550,Doctoral or professional degree,1,None,None
Biological scientists,79590,Bachelors degree,3,None,None
Biological technicians    ,44500,Bachelors degree,3,None,None
Biomedical engineers    ,88550,Bachelors degree,3,None,None
Boilermakers    ,62150,High school diploma or equivalent,7,None,Apprenticeship
Bookkeeping,40240,Some college no degree,6,None,Moderate-term on-the-job training
Brickmasons and blockmasons    ,50950,High school diploma or equivalent,7,None,Apprenticeship
Bridge and lock tenders    ,50320,High school diploma or equivalent,7,None,Short-term on-the-job training
Broadcast news analysts    ,66880,Bachelors degree,3,None,None
Broadcast technicians    ,40080,Associates degree,4,None,Short-term on-the-job training
Brokerage clerks    ,51400,High school diploma or equivalent,7,None,Moderate-term on-the-job training
Budget analysts    ,76220,Bachelors degree,3,None,None
Building cleaning workers,29260,No formal educational credential,8,None,Short-term on-the-job training
Bus and truck mechanics and diesel engine specialists    ,47350,High school diploma or equivalent,7,None,Long-term on-the-job training
Bus drivers,32420,High school diploma or equivalent,7,None,Short-term on-the-job training
Bus drivers,42080,High school diploma or equivalent,7,None,Moderate-term on-the-job training
Business operations specialists,70530,Bachelors degree,3,None,None
Business teachers,83960,Doctoral or professional degree,1,None,None
Butchers and meat cutters    ,31580,No formal educational credential,8,None,Long-term on-the-job training
Buyers and purchasing agents,62750,Bachelors degree,3,None,Moderate-term on-the-job training
Cabinetmakers and bench carpenters    ,34740,High school diploma or equivalent,7,None,Moderate-term on-the-job training
Camera and photographic equipment repairers    ,40620,High school diploma or equivalent,7,None,Long-term on-the-job training
Camera operators,54570,Bachelors degree,3,None,None
Captains,69180,Postsecondary nondegree award,5,Less than 5 years,None
Cardiovascular technologists and technicians    ,56850,Associates degree,4,None,None
Career/technical education teachers,59230,Bachelors degree,3,Less than 5 years,None
Career/technical education teachers,60250,Bachelors degree,3,Less than 5 years,None
Cargo and freight agents    ,43210,High school diploma or equivalent,7,None,Short-term on-the-job training
Carpenters    ,46590,High school diploma or equivalent,7,None,Apprenticeship
Carpet installers    ,39340,No formal educational credential,8,None,Short-term on-the-job training
Cartographers and photogrammetrists    ,64430,Bachelors degree,3,None,None
Cashiers    ,22430,No formal educational credential,8,None,Short-term on-the-job training
Cement masons and concrete finishers    ,43000,No formal educational credential,8,None,Moderate-term on-the-job training
Chefs and head cooks    ,48460,High school diploma or equivalent,7,5 years or more,None
Chemical engineers    ,104910,Bachelors degree,3,None,None
Chemical equipment operators and tenders    ,48770,High school diploma or equivalent,7,None,Moderate-term on-the-job training
Chemical plant and system operators    ,62060,High school diploma or equivalent,7,None,Moderate-term on-the-job training
Chemical technicians    ,48160,Associates degree,4,None,Moderate-term on-the-job training
Chemistry teachers,79550,Doctoral or professional degree,1,None,None
Chemists    ,76890,Bachelors degree,3,None,None
Chief executives    ,189600,Bachelors degree,3,5 years or more,None
Child,46270,Bachelors degree,3,None,None
Childcare workers    ,23240,High school diploma or equivalent,7,None,Short-term on-the-job training
Chiropractors    ,71410,Doctoral or professional degree,1,None,None
Choreographers    ,47800,High school diploma or equivalent,7,5 years or more,Long-term on-the-job training
Civil engineering technicians    ,52580,Associates degree,4,None,None
Civil engineers    ,86640,Bachelors degree,3,None,None
Claims adjusters,65900,High school diploma or equivalent,7,None,Long-term on-the-job training
Cleaners of vehicles and equipment    ,24530,No formal educational credential,8,None,Short-term on-the-job training
Cleaning,30790,High school diploma or equivalent,7,None,Moderate-term on-the-job training
Clergy    ,48990,Bachelors degree,3,None,Moderate-term on-the-job training
Clinical laboratory technologists and technicians,52330,Bachelors degree,3,None,None
Clinical,76990,Doctoral or professional degree,1,None,Internship/residency
Coaches and scouts    ,33780,Bachelors degree,3,None,None
Coating,34800,High school diploma or equivalent,7,None,Moderate-term on-the-job training
Coil winders,34400,High school diploma or equivalent,7,None,Moderate-term on-the-job training
Coin,34560,High school diploma or equivalent,7,None,Short-term on-the-job training
Combined food preparation and serving workers,21250,No formal educational credential,8,None,Short-term on-the-job training
Commercial and industrial designers    ,66590,Bachelors degree,3,None,None
Commercial divers    ,49140,Postsecondary nondegree award,5,None,Moderate-term on-the-job training
Commercial pilots    ,82240,High school diploma or equivalent,7,None,Moderate-term on-the-job training
Communications equipment operators,41050,High school diploma or equivalent,7,None,Short-term on-the-job training
Communications teachers,68910,Doctoral or professional degree,1,None,None
Community and social service specialists,42620,Bachelors degree,3,None,None
Community health workers    ,39540,High school diploma or equivalent,7,None,Short-term on-the-job training
Compensation and benefits managers    ,121010,Bachelors degree,3,5 years or more,None
Compensation,63000,Bachelors degree,3,Less than 5 years,None
Compliance officers    ,68860,Bachelors degree,3,None,Moderate-term on-the-job training
Computer and information research scientists    ,118370,Masters degree,2,None,None
Computer and information systems managers    ,142530,Bachelors degree,3,5 years or more,None
Computer hardware engineers    ,114600,Bachelors degree,3,None,None
Computer network architects    ,109020,Bachelors degree,3,5 years or more,None
Computer network support specialists    ,62770,Associates degree,4,None,None
Computer numerically controlled machine tool programmers,53190,Postsecondary nondegree award,5,None,Moderate-term on-the-job training
Computer occupations,90270,Bachelors degree,3,None,None
Computer operators    ,45840,High school diploma or equivalent,7,None,Moderate-term on-the-job training
Computer programmers    ,84280,Bachelors degree,3,None,None
Computer science teachers,82220,Doctoral or professional degree,1,None,None
Computer systems analysts    ,88740,Bachelors degree,3,None,None
Computer user support specialists    ,50980,Some college no degree,6,None,None
Computer,38480,Some college no degree,6,None,Short-term on-the-job training
Computer-controlled machine tool operators,40070,High school diploma or equivalent,7,None,Moderate-term on-the-job training
Concierges    ,30400,High school diploma or equivalent,7,None,Moderate-term on-the-job training
Conservation scientists    ,61310,Bachelors degree,3,None,None
Construction and building inspectors    ,59700,High school diploma or equivalent,7,5 years or more,Moderate-term on-the-job training
Construction laborers    ,35800,No formal educational credential,8,None,Short-term on-the-job training
Construction managers    ,93370,Bachelors degree,3,None,Moderate-term on-the-job training
Continuous mining machine operators    ,54520,No formal educational credential,8,None,Moderate-term on-the-job training
Control and valve installers and repairers,56070,High school diploma or equivalent,7,None,Moderate-term on-the-job training
Conveyor operators and tenders    ,32980,No formal educational credential,8,None,Short-term on-the-job training
Cooks,28650,No formal educational credential,8,None,Moderate-term on-the-job training
Cooks,22330,No formal educational credential,8,None,Short-term on-the-job training
Cooks,26860,No formal educational credential,8,None,Short-term on-the-job training
Cooks,37590,Postsecondary nondegree award,5,Less than 5 years,None
Cooks,26530,No formal educational credential,8,Less than 5 years,Moderate-term on-the-job training
Cooks,23800,No formal educational credential,8,None,Short-term on-the-job training
Cooling and freezing equipment operators and tenders    ,32410,High school diploma or equivalent,7,None,Moderate-term on-the-job training
Correctional officers and jailers    ,44330,High school diploma or equivalent,7,None,Moderate-term on-the-job training
Correspondence clerks    ,37290,High school diploma or equivalent,7,None,Short-term on-the-job training
Cost estimators    ,64040,Bachelors degree,3,None,Moderate-term on-the-job training
Costume attendants    ,41190,High school diploma or equivalent,7,None,Short-term on-the-job training
Counselors,42130,Masters degree,2,None,None
Counter and rental clerks    ,27290,No formal educational credential,8,None,Short-term on-the-job training
Counter attendants,22330,No formal educational credential,8,None,Short-term on-the-job training
Couriers and messengers    ,28720,High school diploma or equivalent,7,None,Short-term on-the-job training
Court reporters    ,57150,Postsecondary nondegree award,5,None,Short-term on-the-job training
Court,38450,High school diploma or equivalent,7,None,Long-term on-the-job training
Craft artists    ,34240,No formal educational credential,8,None,Long-term on-the-job training
Crane and tower operators    ,54140,High school diploma or equivalent,7,Less than 5 years,Moderate-term on-the-job training
Credit analysts    ,71520,Bachelors degree,3,None,None
Credit authorizers,38750,High school diploma or equivalent,7,None,Moderate-term on-the-job training
Credit counselors    ,45180,Bachelors degree,3,None,Moderate-term on-the-job training
Criminal justice and law enforcement teachers,61900,Doctoral or professional degree,1,None,None
Crossing guards    ,28960,No formal educational credential,8,None,Short-term on-the-job training
Crushing,36400,High school diploma or equivalent,7,None,Moderate-term on-the-job training
Curators    ,53780,Masters degree,2,None,None
Customer service representatives    ,33750,High school diploma or equivalent,7,None,Short-term on-the-job training
Cutters and trimmers,29390,No formal educational credential,8,None,Short-term on-the-job training
Cutting and slicing machine setters,34620,High school diploma or equivalent,7,None,Moderate-term on-the-job training
Cutting,34460,High school diploma or equivalent,7,None,Moderate-term on-the-job training
Dancers    ,,No formal educational credential,8,None,Long-term on-the-job training
Data entry keyers    ,32170,High school diploma or equivalent,7,None,Short-term on-the-job training
Database administrators    ,90070,Bachelors degree,3,None,None
Demonstrators and product promoters    ,28960,No formal educational credential,8,None,Short-term on-the-job training
Dental assistants    ,38660,Postsecondary nondegree award,5,None,None
Dental hygienists    ,74820,Associates degree,4,None,None
Dental laboratory technicians    ,40440,High school diploma or equivalent,7,None,Moderate-term on-the-job training
Dentists,146970,Doctoral or professional degree,1,None,Internship/residency
Dentists,151850,Doctoral or professional degree,1,None,None
Derrick operators,46120,No formal educational credential,8,None,Short-term on-the-job training
Designers,60570,Bachelors degree,3,None,None
Desktop publishers    ,42910,Associates degree,4,None,Short-term on-the-job training
Detectives and criminal investigators    ,81920,High school diploma or equivalent,7,Less than 5 years,Moderate-term on-the-job training
Diagnostic medical sonographers    ,72510,Associates degree,4,None,None
Dietetic technicians    ,27140,Associates degree,4,None,None
Dietitians and nutritionists    ,60370,Bachelors degree,3,None,Internship/residency
Dining room and cafeteria attendants and bartender helpers    ,22270,No formal educational credential,8,None,Short-term on-the-job training
Directors,40810,Bachelors degree,3,Less than 5 years,None
Dishwashers    ,22730,No formal educational credential,8,None,Short-term on-the-job training
Dispatchers,39470,High school diploma or equivalent,7,None,Moderate-term on-the-job training
Door-to-door sales workers,26430,No formal educational credential,8,None,Short-term on-the-job training
Drafters,51850,Associates degree,4,None,None
Dredge operators    ,45260,High school diploma or equivalent,7,None,Moderate-term on-the-job training
Drilling and boring machine tool setters,38020,High school diploma or equivalent,7,None,Moderate-term on-the-job training
Driver/sales workers    ,24700,High school diploma or equivalent,7,None,Short-term on-the-job training
Drywall and ceiling tile installers    ,43730,No formal educational credential,8,None,Moderate-term on-the-job training
Earth drillers,44430,High school diploma or equivalent,7,None,Moderate-term on-the-job training
Economics teachers,101480,Doctoral or professional degree,1,None,None
Economists    ,104340,Masters degree,2,None,None
Editors    ,59480,Bachelors degree,3,Less than 5 years,None
Education administrators,82850,Bachelors degree,3,Less than 5 years,None
Education administrators,95310,Masters degree,2,5 years or more,None
Education administrators,94340,Masters degree,2,Less than 5 years,None
Education administrators,47940,Bachelors degree,3,Less than 5 years,None
Education teachers,64780,Doctoral or professional degree,1,Less than 5 years,None
Education,42080,Bachelors degree,3,None,None
Educational,56310,Masters degree,2,None,None
Electric motor,42840,High school diploma or equivalent,7,Less than 5 years,Moderate-term on-the-job training
Electrical and electronics drafters    ,60070,Associates degree,4,None,None
Electrical and electronics engineering technicians    ,64330,Associates degree,4,None,None
Electrical and electronics installers and repairers,60340,Postsecondary nondegree award,5,None,Long-term on-the-job training
Electrical and electronics repairers,58110,Postsecondary nondegree award,5,None,Long-term on-the-job training
Electrical and electronics repairers,80200,Postsecondary nondegree award,5,Less than 5 years,Moderate-term on-the-job training
Electrical engineers    ,96640,Bachelors degree,3,None,None
Electrical power-line installers and repairers    ,70910,High school diploma or equivalent,7,None,Long-term on-the-job training
Electrical,33660,High school diploma or equivalent,7,None,Moderate-term on-the-job training
Electricians    ,55190,High school diploma or equivalent,7,None,Apprenticeship
Electro-mechanical technicians    ,57790,Associates degree,4,None,None
Electronic equipment installers and repairers,35590,High school diploma or equivalent,7,None,Moderate-term on-the-job training
Electronic home entertainment equipment installers and repairers    ,38160,Postsecondary nondegree award,5,None,Short-term on-the-job training
Electronics engineers,102700,Bachelors degree,3,None,None
Elementary school teachers,58230,Bachelors degree,3,None,None
Elevator installers and repairers    ,79780,High school diploma or equivalent,7,None,Apprenticeship
Eligibility interviewers,46020,High school diploma or equivalent,7,None,Moderate-term on-the-job training
Embalmers    ,44250,Associates degree,4,None,Long-term on-the-job training
Emergency management directors    ,74420,Bachelors degree,3,5 years or more,None
Emergency medical technicians and paramedics    ,34320,Postsecondary nondegree award,5,None,None
Engine and other machine assemblers    ,44380,High school diploma or equivalent,7,None,Moderate-term on-the-job training
Engineering teachers,101720,Doctoral or professional degree,1,None,None
Engineering technicians,63200,Associates degree,4,None,None
Engineers,96980,Bachelors degree,3,None,None
English language and literature teachers,66590,Doctoral or professional degree,1,None,None
Entertainers and performers,,No formal educational credential,8,None,Short-term on-the-job training
Entertainment attendants and related workers,24290,High school diploma or equivalent,7,None,Short-term on-the-job training
Environmental engineering technicians    ,50560,Associates degree,4,None,None
Environmental engineers    ,87620,Bachelors degree,3,None,None
Environmental science and protection technicians,46170,Associates degree,4,None,None
Environmental science teachers,79910,Doctoral or professional degree,1,None,None
Environmental scientists and specialists,71130,Bachelors degree,3,None,None
Epidemiologists    ,69660,Masters degree,2,None,None
Etchers and engravers    ,31330,High school diploma or equivalent,7,None,Moderate-term on-the-job training
Excavating and loading machine and dragline operators    ,44270,High school diploma or equivalent,7,Less than 5 years,Moderate-term on-the-job training
Executive secretaries and executive administrative assistants    ,59340,High school diploma or equivalent,7,Less than 5 years,None
Exercise physiologists    ,49270,Bachelors degree,3,None,None
Explosives workers,49860,High school diploma or equivalent,7,Less than 5 years,Long-term on-the-job training
Extraction workers,54840,High school diploma or equivalent,7,None,Moderate-term on-the-job training
Extruding and drawing machine setters,35150,High school diploma or equivalent,7,None,Moderate-term on-the-job training
Extruding and forming machine setters,34200,High school diploma or equivalent,7,None,Moderate-term on-the-job training
Extruding,35120,High school diploma or equivalent,7,None,Moderate-term on-the-job training
Fabric and apparel patternmakers    ,40560,High school diploma or equivalent,7,None,Moderate-term on-the-job training
Fabric menders,30730,High school diploma or equivalent,7,None,Long-term on-the-job training
Fallers    ,44080,High school diploma or equivalent,7,None,Moderate-term on-the-job training
Family and general practitioners    ,201100,Doctoral or professional degree,1,None,Internship/residency
Farm and home management advisors    ,49840,Masters degree,2,None,None
Farm equipment mechanics and service technicians    ,40630,High school diploma or equivalent,7,None,Long-term on-the-job training
Farm labor contractors    ,46150,No formal educational credential,8,Less than 5 years,Short-term on-the-job training
Farmers,67950,High school diploma or equivalent,7,5 years or more,None
Farmworkers and laborers,24320,No formal educational credential,8,None,Short-term on-the-job training
Farmworkers,26560,No formal educational credential,8,None,Short-term on-the-job training
Fashion designers    ,72720,Bachelors degree,3,None,None
Fence erectors    ,34800,No formal educational credential,8,None,Moderate-term on-the-job training
Fiberglass laminators and fabricators    ,34500,High school diploma or equivalent,7,None,Moderate-term on-the-job training
File clerks    ,31700,High school diploma or equivalent,7,None,Short-term on-the-job training
Film and video editors    ,62650,Bachelors degree,3,None,None
Financial analysts    ,85660,Bachelors degree,3,None,None
Financial clerks,41020,High school diploma or equivalent,7,None,Short-term on-the-job training
Financial examiners    ,80180,Bachelors degree,3,None,Long-term on-the-job training
Financial managers    ,127990,Bachelors degree,3,5 years or more,None
Financial specialists,70280,Bachelors degree,3,None,Moderate-term on-the-job training
Fine artists,49380,Bachelors degree,3,None,Long-term on-the-job training
Fire inspectors and investigators    ,62510,Postsecondary nondegree award,5,5 years or more,Moderate-term on-the-job training
Firefighters    ,49620,Postsecondary nondegree award,5,None,Long-term on-the-job training
First-line supervisors of construction trades and extraction workers    ,65230,High school diploma or equivalent,7,5 years or more,None
First-line supervisors of correctional officers    ,63340,High school diploma or equivalent,7,Less than 5 years,None
First-line supervisors of farming,46960,High school diploma or equivalent,7,Less than 5 years,None
First-line supervisors of fire fighting and prevention workers    ,76330,Postsecondary nondegree award,5,Less than 5 years,Moderate-term on-the-job training
First-line supervisors of food preparation and serving workers    ,32450,High school diploma or equivalent,7,Less than 5 years,None
First-line supervisors of gaming workers,49420,High school diploma or equivalent,7,Less than 5 years,None
First-line supervisors of housekeeping and janitorial workers    ,39940,High school diploma or equivalent,7,Less than 5 years,None
First-line supervisors of landscaping,48220,High school diploma or equivalent,7,Less than 5 years,None
First-line supervisors of mechanics,66140,High school diploma or equivalent,7,Less than 5 years,None
First-line supervisors of non-retail sales workers    ,73390,High school diploma or equivalent,7,Less than 5 years,None
First-line supervisors of office and administrative support workers    ,55810,High school diploma or equivalent,7,Less than 5 years,None
First-line supervisors of personal service workers    ,38400,High school diploma or equivalent,7,Less than 5 years,None
First-line supervisors of police and detectives    ,89030,High school diploma or equivalent,7,Less than 5 years,Moderate-term on-the-job training
First-line supervisors of production and operating workers    ,60420,High school diploma or equivalent,7,Less than 5 years,None
First-line supervisors of protective service workers,49640,High school diploma or equivalent,7,Less than 5 years,None
First-line supervisors of retail sales workers    ,39630,High school diploma or equivalent,7,Less than 5 years,None
First-Line supervisors of transportation and material moving workers,55600,High school diploma or equivalent,7,Less than 5 years,None
Fish and game wardens    ,57710,Bachelors degree,3,None,Moderate-term on-the-job training
Fishing and hunting workers,,No formal educational credential,8,None,Moderate-term on-the-job training
Fitness trainers and aerobics instructors    ,39820,High school diploma or equivalent,7,None,Short-term on-the-job training
Flight attendants    ,56000,High school diploma or equivalent,7,Less than 5 years,Moderate-term on-the-job training
Floor layers,42760,No formal educational credential,8,None,Moderate-term on-the-job training
Floor sanders and finishers    ,37510,No formal educational credential,8,None,Moderate-term on-the-job training
Floral designers    ,27200,High school diploma or equivalent,7,None,Moderate-term on-the-job training
Food and tobacco roasting,30840,No formal educational credential,8,None,Moderate-term on-the-job training
Food batchmakers    ,29720,High school diploma or equivalent,7,None,Moderate-term on-the-job training
Food cooking machine operators and tenders    ,30120,High school diploma or equivalent,7,None,Moderate-term on-the-job training
Food preparation and serving related workers,23850,No formal educational credential,8,None,Short-term on-the-job training
Food preparation workers    ,23730,No formal educational credential,8,None,Short-term on-the-job training
Food processing workers,25870,No formal educational credential,8,None,Moderate-term on-the-job training
Food scientists and technologists    ,65300,Bachelors degree,3,None,None
Food servers,23290,No formal educational credential,8,None,Short-term on-the-job training
Food service managers    ,54240,High school diploma or equivalent,7,Less than 5 years,None
Foreign language and literature teachers,67640,Doctoral or professional degree,1,None,None
Forensic science technicians    ,58230,Bachelors degree,3,None,Moderate-term on-the-job training
Forest and conservation technicians    ,37180,Associates degree,4,None,None
Forest and conservation workers    ,27460,High school diploma or equivalent,7,None,Moderate-term on-the-job training
Forest fire inspectors and prevention specialists    ,39600,High school diploma or equivalent,7,Less than 5 years,Moderate-term on-the-job training
Foresters    ,61410,Bachelors degree,3,None,None
Forestry and conservation science teachers,86900,Doctoral or professional degree,1,None,None
Forging machine setters,38900,High school diploma or equivalent,7,None,Moderate-term on-the-job training
Foundry mold and coremakers    ,35430,High school diploma or equivalent,7,None,Moderate-term on-the-job training
Fundraisers    ,56950,Bachelors degree,3,None,None
Funeral attendants    ,26400,High school diploma or equivalent,7,None,Short-term on-the-job training
Funeral service managers    ,79180,Associates degree,4,Less than 5 years,None
Furnace,39160,High school diploma or equivalent,7,None,Moderate-term on-the-job training
Furniture finishers    ,31950,High school diploma or equivalent,7,None,Short-term on-the-job training
Gaming and sports book writers and runners    ,24430,High school diploma or equivalent,7,None,Short-term on-the-job training
Gaming cage workers    ,27490,High school diploma or equivalent,7,None,Short-term on-the-job training
Gaming change persons and booth cashiers    ,24880,No formal educational credential,8,None,Short-term on-the-job training
Gaming dealers    ,20120,High school diploma or equivalent,7,None,Short-term on-the-job training
Gaming managers    ,74700,High school diploma or equivalent,7,Less than 5 years,None
Gaming service workers,27550,High school diploma or equivalent,7,None,Short-term on-the-job training
Gaming surveillance officers and gaming investigators    ,32680,High school diploma or equivalent,7,Less than 5 years,Moderate-term on-the-job training
Gas compressor and gas pumping station operators    ,65210,High school diploma or equivalent,7,None,Moderate-term on-the-job training
Gas plant operators    ,71070,High school diploma or equivalent,7,None,Long-term on-the-job training
General and operations managers    ,100930,Bachelors degree,3,5 years or more,None
Genetic counselors    ,80370,Masters degree,2,None,None
Geographers    ,80300,Bachelors degree,3,None,None
Geography teachers,80350,Doctoral or professional degree,1,None,None
Geological and petroleum technicians    ,53300,Associates degree,4,None,Moderate-term on-the-job training
Geoscientists,91130,Bachelors degree,3,None,None
Glaziers    ,43550,High school diploma or equivalent,7,None,Apprenticeship
Graders and sorters,24430,No formal educational credential,8,None,Short-term on-the-job training
Graduate teaching assistants    ,33700,Bachelors degree,3,None,None
Graphic designers    ,50370,Bachelors degree,3,None,None
Grinding and polishing workers,29550,No formal educational credential,8,None,Moderate-term on-the-job training
Grinding,34850,High school diploma or equivalent,7,None,Moderate-term on-the-job training
Grounds maintenance workers,30420,No formal educational credential,8,None,Short-term on-the-job training
Hairdressers,24730,Postsecondary nondegree award,5,None,None
Hazardous materials removal workers    ,42030,High school diploma or equivalent,7,None,Moderate-term on-the-job training
Health and safety engineers,89130,Bachelors degree,3,None,None
Health diagnosing and treating practitioners,73960,Masters degree,2,None,None
Health educators    ,54220,Bachelors degree,3,None,None
Health specialties teachers,97370,Doctoral or professional degree,1,Less than 5 years,None
Health technologists and technicians,42920,Postsecondary nondegree award,5,None,None
Healthcare practitioners and technical workers,54620,Postsecondary nondegree award,5,None,None
Healthcare social workers    ,56200,Masters degree,2,None,Internship/residency
Healthcare support workers,37830,High school diploma or equivalent,7,None,None
Hearing aid specialists    ,52770,High school diploma or equivalent,7,None,Moderate-term on-the-job training
Heat treating equipment setters,37520,High school diploma or equivalent,7,None,Moderate-term on-the-job training
Heating,47610,Postsecondary nondegree award,5,None,Long-term on-the-job training
Heavy and tractor-trailer truck drivers    ,43680,Postsecondary nondegree award,5,None,Short-term on-the-job training
Helpers,30510,No formal educational credential,8,None,Short-term on-the-job training
Helpers--brickmasons,33380,No formal educational credential,8,None,Short-term on-the-job training
Helpers--carpenters    ,30880,No formal educational credential,8,None,Short-term on-the-job training
Helpers--electricians    ,31410,High school diploma or equivalent,7,None,Short-term on-the-job training
Helpers--extraction workers    ,36350,High school diploma or equivalent,7,None,Moderate-term on-the-job training
Helpers--installation,29450,High school diploma or equivalent,7,None,Short-term on-the-job training
Helpers--painters,29960,No formal educational credential,8,None,Short-term on-the-job training
Helpers--pipelayers,30980,High school diploma or equivalent,7,None,Short-term on-the-job training
Helpers--production workers    ,27730,High school diploma or equivalent,7,None,Short-term on-the-job training
Helpers--roofers    ,30390,No formal educational credential,8,None,Short-term on-the-job training
Highway maintenance workers    ,39690,High school diploma or equivalent,7,None,Moderate-term on-the-job training
Historians    ,61140,Masters degree,2,None,None
History teachers,74590,Doctoral or professional degree,1,None,None
Hoist and winch operators    ,45490,No formal educational credential,8,None,Short-term on-the-job training
Home appliance repairers    ,39270,High school diploma or equivalent,7,None,Moderate-term on-the-job training
Home economics teachers,71380,Masters degree,2,None,None
Home health aides    ,24200,High school diploma or equivalent,7,None,Short-term on-the-job training
Hosts and hostesses,22160,No formal educational credential,8,None,Short-term on-the-job training
Hotel,23700,High school diploma or equivalent,7,None,Short-term on-the-job training
Human resources assistants,40390,Associates degree,4,None,None
Human resources managers    ,113300,Bachelors degree,3,5 years or more,None
Human resources specialists    ,60880,Bachelors degree,3,None,None
Hydrologists    ,79370,Bachelors degree,3,None,None
Industrial engineering technicians    ,55460,Associates degree,4,None,None
Industrial engineers    ,87040,Bachelors degree,3,None,None
Industrial machinery mechanics    ,52340,High school diploma or equivalent,7,None,Long-term on-the-job training
Industrial production managers    ,103380,Bachelors degree,3,5 years or more,None
Industrial truck and tractor operators    ,34750,No formal educational credential,8,None,Short-term on-the-job training
Industrial-organizational psychologists    ,97260,Masters degree,2,None,Internship/residency
Information and record clerks,40950,High school diploma or equivalent,7,None,Short-term on-the-job training
Information security analysts    ,98350,Bachelors degree,3,Less than 5 years,None
Inspectors,38250,High school diploma or equivalent,7,None,Moderate-term on-the-job training
Installation,39320,High school diploma or equivalent,7,None,Moderate-term on-the-job training
Instructional coordinators    ,64450,Masters degree,2,5 years or more,None
Insulation workers,38480,No formal educational credential,8,None,Short-term on-the-job training
Insulation workers,47740,High school diploma or equivalent,7,None,Apprenticeship
Insurance appraisers,62520,Postsecondary nondegree award,5,None,Moderate-term on-the-job training
Insurance claims and policy processing clerks    ,39660,High school diploma or equivalent,7,None,Moderate-term on-the-job training
Insurance sales agents    ,50600,High school diploma or equivalent,7,None,Moderate-term on-the-job training
Insurance underwriters    ,69380,Bachelors degree,3,None,Moderate-term on-the-job training
Interior designers    ,53370,Bachelors degree,3,None,None
Internists,194500,Doctoral or professional degree,1,None,Internship/residency
Interpreters and translators    ,49930,Bachelors degree,3,None,None
Interviewers,34060,High school diploma or equivalent,7,None,Short-term on-the-job training
Janitors and cleaners,26110,No formal educational credential,8,None,Short-term on-the-job training
Jewelers and precious stone and metal workers    ,39440,High school diploma or equivalent,7,None,Long-term on-the-job training
Judges,133920,Doctoral or professional degree,1,5 years or more,Short-term on-the-job training
Judicial law clerks    ,53540,Doctoral or professional degree,1,None,None
Kindergarten teachers,55470,Bachelors degree,3,None,None
Labor relations specialists    ,67790,Bachelors degree,3,Less than 5 years,None
Laborers and freight,28260,No formal educational credential,8,None,Short-term on-the-job training
Landscape architects    ,68230,Bachelors degree,3,None,Internship/residency
Landscaping and groundskeeping workers    ,29000,No formal educational credential,8,None,Short-term on-the-job training
Lathe and turning machine tool setters,39180,High school diploma or equivalent,7,None,Moderate-term on-the-job training
Laundry and dry-cleaning workers    ,23210,No formal educational credential,8,None,Short-term on-the-job training
Law teachers,111140,Doctoral or professional degree,1,Less than 5 years,None
Lawyers    ,120910,Doctoral or professional degree,1,None,None
Layout workers,47900,High school diploma or equivalent,7,None,Moderate-term on-the-job training
Legal secretaries    ,46360,High school diploma or equivalent,7,None,Moderate-term on-the-job training
Legal support workers,58930,Associates degree,4,None,None
Legislators    ,24670,Bachelors degree,3,Less than 5 years,None
Librarians    ,59050,Masters degree,2,None,None
Library assistants,26500,High school diploma or equivalent,7,None,Short-term on-the-job training
Library science teachers,71560,Doctoral or professional degree,1,None,None
Library technicians    ,34040,Postsecondary nondegree award,5,None,None
Licensed practical and licensed vocational nurses    ,46240,Postsecondary nondegree award,5,None,None
Life scientists,78190,Bachelors degree,3,None,None
Life,49670,Associates degree,4,None,None
Lifeguards,22410,No formal educational credential,8,None,Short-term on-the-job training
Light truck or delivery services drivers    ,32810,High school diploma or equivalent,7,None,Short-term on-the-job training
Loading machine operators,51160,No formal educational credential,8,None,Short-term on-the-job training
Loan interviewers and clerks    ,39890,High school diploma or equivalent,7,None,Short-term on-the-job training
Loan officers    ,63040,Bachelors degree,3,None,Moderate-term on-the-job training
Locker room,24030,High school diploma or equivalent,7,None,Short-term on-the-job training
Locksmiths and safe repairers    ,41450,High school diploma or equivalent,7,None,Long-term on-the-job training
Locomotive engineers    ,62100,High school diploma or equivalent,7,Less than 5 years,Moderate-term on-the-job training
Locomotive firers    ,63820,High school diploma or equivalent,7,None,Moderate-term on-the-job training
Lodging managers    ,53390,High school diploma or equivalent,7,Less than 5 years,None
Log graders and scalers    ,38220,High school diploma or equivalent,7,None,Moderate-term on-the-job training
Logging equipment operators    ,40510,High school diploma or equivalent,7,None,Moderate-term on-the-job training
Logging workers,39750,High school diploma or equivalent,7,None,Moderate-term on-the-job training
Logisticians    ,74600,Bachelors degree,3,None,None
Machine feeders and offbearers    ,29560,No formal educational credential,8,None,Short-term on-the-job training
Machinists    ,43630,High school diploma or equivalent,7,None,Long-term on-the-job training
Magnetic resonance imaging technologists    ,71670,Associates degree,4,Less than 5 years,None
Maids and housekeeping cleaners    ,23770,No formal educational credential,8,None,Short-term on-the-job training
Mail clerks and mail machine operators,30430,High school diploma or equivalent,7,None,Short-term on-the-job training
Maintenance and repair workers,38300,High school diploma or equivalent,7,None,Moderate-term on-the-job training
Maintenance workers,47060,High school diploma or equivalent,7,None,Long-term on-the-job training
Makeup artists,64250,Postsecondary nondegree award,5,None,None
Management analysts    ,83610,Bachelors degree,3,Less than 5 years,None
Managers,107480,Bachelors degree,3,Less than 5 years,None
Manicurists and pedicurists    ,24330,Postsecondary nondegree award,5,None,None
Manufactured building and mobile home installers    ,32040,High school diploma or equivalent,7,None,Short-term on-the-job training
Marine engineers and naval architects    ,92560,Bachelors degree,3,None,None
Market research analysts and marketing specialists    ,63120,Bachelors degree,3,None,None
Marketing managers    ,134290,Bachelors degree,3,5 years or more,None
Marriage and family therapists    ,50090,Masters degree,2,None,Internship/residency
Massage therapists    ,41420,Postsecondary nondegree award,5,None,None
Material moving workers,29410,No formal educational credential,8,None,Short-term on-the-job training
Materials engineers    ,92390,Bachelors degree,3,None,None
Materials scientists    ,99800,Bachelors degree,3,None,None
Mathematical science teachers,73230,Doctoral or professional degree,1,None,None
Mathematicians    ,101900,Masters degree,2,None,None
Meat,26950,No formal educational credential,8,None,Short-term on-the-job training
Mechanical door repairers    ,41010,High school diploma or equivalent,7,None,Moderate-term on-the-job training
Mechanical drafters    ,55920,Associates degree,4,None,None
Mechanical engineering technicians    ,56250,Associates degree,4,None,None
Mechanical engineers    ,87370,Bachelors degree,3,None,None
Media and communication equipment workers,79580,High school diploma or equivalent,7,None,Short-term on-the-job training
Media and communication workers,48330,High school diploma or equivalent,7,None,Short-term on-the-job training
Medical and health services managers    ,99730,Bachelors degree,3,Less than 5 years,None
Medical appliance technicians    ,39190,High school diploma or equivalent,7,None,Moderate-term on-the-job training
Medical assistants    ,33610,Postsecondary nondegree award,5,None,None
Medical equipment preparers    ,36240,High school diploma or equivalent,7,None,Moderate-term on-the-job training
Medical equipment repairers    ,49210,Associates degree,4,None,Moderate-term on-the-job training
Medical records and health information technicians    ,40350,Postsecondary nondegree award,5,None,None
Medical scientists,84810,Doctoral or professional degree,1,None,None
Medical secretaries    ,35760,High school diploma or equivalent,7,None,Moderate-term on-the-job training
Medical transcriptionists    ,34770,Postsecondary nondegree award,5,None,None
Meeting,49370,Bachelors degree,3,None,None
Mental health and substance abuse social workers    ,44840,Masters degree,2,None,Internship/residency
Merchandise displayers and window trimmers    ,28450,High school diploma or equivalent,7,None,Short-term on-the-job training
Metal workers and plastic workers,35920,High school diploma or equivalent,7,None,Moderate-term on-the-job training
Metal-refining furnace operators and tenders    ,41220,High school diploma or equivalent,7,None,Moderate-term on-the-job training
Meter readers,40360,High school diploma or equivalent,7,None,Short-term on-the-job training
Microbiologists    ,71650,Bachelors degree,3,None,None
Middle school teachers,58600,Bachelors degree,3,None,None
Milling and planing machine setters,43590,High school diploma or equivalent,7,None,Moderate-term on-the-job training
Millwrights    ,55060,High school diploma or equivalent,7,None,Apprenticeship
Mine cutting and channeling machine operators    ,47170,High school diploma or equivalent,7,None,Moderate-term on-the-job training
Mine shuttle car operators    ,56340,No formal educational credential,8,None,Short-term on-the-job training
Mining and geological engineers,92250,Bachelors degree,3,None,None
Mining machine operators,51490,High school diploma or equivalent,7,None,Moderate-term on-the-job training
Miscellaneous construction and related workers,38860,High school diploma or equivalent,7,None,Moderate-term on-the-job training
Miscellaneous mathematical science occupations,57190,Bachelors degree,3,None,None
Mixing and blending machine setters,37210,High school diploma or equivalent,7,None,Moderate-term on-the-job training
Mobile heavy equipment mechanics,51920,High school diploma or equivalent,7,None,Long-term on-the-job training
Model makers,56130,High school diploma or equivalent,7,None,Moderate-term on-the-job training
Model makers,53100,High school diploma or equivalent,7,None,Moderate-term on-the-job training
Models    ,23770,No formal educational credential,8,None,None
Molders,33340,High school diploma or equivalent,7,None,Long-term on-the-job training
Molding,31480,High school diploma or equivalent,7,None,Moderate-term on-the-job training
Morticians,52650,Associates degree,4,None,Long-term on-the-job training
Motion picture projectionists    ,22760,No formal educational credential,8,None,Short-term on-the-job training
Motor vehicle operators,30360,No formal educational credential,8,None,Short-term on-the-job training
Motorboat mechanics and service technicians    ,40180,High school diploma or equivalent,7,None,Long-term on-the-job training
Motorboat operators    ,50290,Postsecondary nondegree award,5,Less than 5 years,None
Motorcycle mechanics    ,36790,Postsecondary nondegree award,5,None,Short-term on-the-job training
Multimedia artists and animators    ,72520,Bachelors degree,3,None,None
Multiple machine tool setters,35390,High school diploma or equivalent,7,None,Moderate-term on-the-job training
Museum technicians and conservators    ,43020,Bachelors degree,3,None,None
Music directors and composers    ,49630,Bachelors degree,3,Less than 5 years,None
Musical instrument repairers and tuners    ,36330,High school diploma or equivalent,7,None,Apprenticeship
Musicians and singers    ,,No formal educational credential,8,None,Long-term on-the-job training
Natural sciences managers    ,123860,Bachelors degree,3,5 years or more,None
Network and computer systems administrators    ,82050,Bachelors degree,3,None,None
New accounts clerks    ,35800,High school diploma or equivalent,7,None,Moderate-term on-the-job training
Nonfarm animal caretakers    ,23760,High school diploma or equivalent,7,None,Short-term on-the-job training
Nuclear engineers    ,107600,Bachelors degree,3,None,None
Nuclear medicine technologists    ,76820,Associates degree,4,None,None
Nuclear power reactor operators    ,94350,High school diploma or equivalent,7,None,Long-term on-the-job training
Nuclear technicians    ,79140,Associates degree,4,None,Moderate-term on-the-job training
Nurse anesthetists    ,167950,Masters degree,2,None,None
Nurse midwives    ,103770,Masters degree,2,None,None
Nurse practitioners    ,107030,Masters degree,2,None,None
Nursing assistants    ,28540,Postsecondary nondegree award,5,None,None
Nursing instructors and teachers,73490,Doctoral or professional degree,1,Less than 5 years,None
Obstetricians and gynecologists    ,>=208000,Doctoral or professional degree,1,None,Internship/residency
Occupational health and safety specialists    ,73020,Bachelors degree,3,None,None
Occupational health and safety technicians    ,50780,High school diploma or equivalent,7,None,Moderate-term on-the-job training
Occupational therapists    ,84270,Masters degree,2,None,None
Occupational therapy aides    ,28160,High school diploma or equivalent,7,None,Short-term on-the-job training
Occupational therapy assistants    ,60220,Associates degree,4,None,None
Office and administrative support workers,34850,High school diploma or equivalent,7,None,Short-term on-the-job training
Office clerks,32730,High school diploma or equivalent,7,None,Short-term on-the-job training
Office machine operators,32790,High school diploma or equivalent,7,None,Short-term on-the-job training
Operating engineers and other construction equipment operators    ,47810,High school diploma or equivalent,7,None,Moderate-term on-the-job training
Operations research analysts    ,83390,Bachelors degree,3,None,None
Ophthalmic laboratory technicians    ,31830,High school diploma or equivalent,7,None,Moderate-term on-the-job training
Ophthalmic medical technicians    ,36530,Postsecondary nondegree award,5,None,None
Opticians,37010,High school diploma or equivalent,7,None,Long-term on-the-job training
Optometrists    ,111790,Doctoral or professional degree,1,None,None
Oral and maxillofacial surgeons    ,>=208000,Doctoral or professional degree,1,None,Internship/residency
Order clerks    ,33460,Some college no degree,6,None,Short-term on-the-job training
Orderlies    ,28060,High school diploma or equivalent,7,None,Short-term on-the-job training
Orthodontists    ,>=208000,Doctoral or professional degree,1,None,Internship/residency
Orthotists and prosthetists    ,69120,Masters degree,2,None,Internship/residency
Outdoor power equipment and other small engine mechanics    ,35400,High school diploma or equivalent,7,None,Moderate-term on-the-job training
Packaging and filling machine operators and tenders    ,30160,High school diploma or equivalent,7,None,Moderate-term on-the-job training
Packers and packagers,24580,No formal educational credential,8,None,Short-term on-the-job training
Painters,38940,No formal educational credential,8,None,Moderate-term on-the-job training
Painters,42280,High school diploma or equivalent,7,None,Moderate-term on-the-job training
Painting,31050,No formal educational credential,8,None,Moderate-term on-the-job training
Paper goods machine setters,38730,High school diploma or equivalent,7,None,Moderate-term on-the-job training
Paperhangers    ,38090,No formal educational credential,8,None,Long-term on-the-job training
Paralegals and legal assistants    ,50940,Associates degree,4,None,None
Parking enforcement workers    ,39840,High school diploma or equivalent,7,None,Short-term on-the-job training
Parking lot attendants    ,23870,No formal educational credential,8,None,Short-term on-the-job training
Parts salespersons    ,30430,No formal educational credential,8,None,Moderate-term on-the-job training
Patternmakers,45840,High school diploma or equivalent,7,None,Moderate-term on-the-job training
Patternmakers,60940,High school diploma or equivalent,7,None,Moderate-term on-the-job training
Paving,39780,High school diploma or equivalent,7,None,Moderate-term on-the-job training
Payroll and timekeeping clerks    ,45050,High school diploma or equivalent,7,None,Moderate-term on-the-job training
Pediatricians,170560,Doctoral or professional degree,1,None,Internship/residency
Personal care aides    ,24020,High school diploma or equivalent,7,None,Short-term on-the-job training
Personal care and service workers,26180,High school diploma or equivalent,7,None,Short-term on-the-job training
Personal financial advisors    ,88890,Bachelors degree,3,None,Long-term on-the-job training
Pest control workers    ,35610,High school diploma or equivalent,7,None,Moderate-term on-the-job training
Pesticide handlers,35320,High school diploma or equivalent,7,None,Moderate-term on-the-job training
Petroleum engineers    ,137170,Bachelors degree,3,None,None
Petroleum pump system operators,70860,High school diploma or equivalent,7,None,Moderate-term on-the-job training
Pharmacists    ,126120,Doctoral or professional degree,1,None,None
Pharmacy aides    ,26450,High school diploma or equivalent,7,None,Short-term on-the-job training
Pharmacy technicians    ,32700,High school diploma or equivalent,7,None,Moderate-term on-the-job training
Philosophy and religion teachers,71890,Doctoral or professional degree,1,None,None
Phlebotomists    ,34480,Postsecondary nondegree award,5,None,None
Photographers    ,34000,High school diploma or equivalent,7,None,Moderate-term on-the-job training
Photographic process workers and processing machine operators    ,29180,High school diploma or equivalent,7,None,Short-term on-the-job training
Physical scientists,107230,Bachelors degree,3,None,None
Physical therapist aides    ,26240,High school diploma or equivalent,7,None,Short-term on-the-job training
Physical therapist assistants    ,58040,Associates degree,4,None,None
Physical therapists    ,87930,Doctoral or professional degree,1,None,None
Physician assistants    ,108610,Masters degree,2,None,None
Physicians and surgeons,200890,Doctoral or professional degree,1,None,Internship/residency
Physicists    ,120950,Doctoral or professional degree,1,None,None
Physics teachers,90800,Doctoral or professional degree,1,None,None
Pile-driver operators    ,58680,High school diploma or equivalent,7,None,Moderate-term on-the-job training
Pipelayers    ,38560,No formal educational credential,8,None,Short-term on-the-job training
Plant and system operators,57100,High school diploma or equivalent,7,None,Moderate-term on-the-job training
Plasterers and stucco masons    ,43540,No formal educational credential,8,None,Long-term on-the-job training
Plating and coating machine setters,32420,High school diploma or equivalent,7,None,Moderate-term on-the-job training
Plumbers,53910,High school diploma or equivalent,7,None,Apprenticeship
Podiatrists    ,129550,Doctoral or professional degree,1,None,Internship/residency
Police and sheriffs patrol officers    ,61380,High school diploma or equivalent,7,None,Moderate-term on-the-job training
Police,40660,High school diploma or equivalent,7,None,Moderate-term on-the-job training
Political science teachers,83370,Doctoral or professional degree,1,None,None
Political scientists    ,117570,Masters degree,2,None,None
Postal service clerks    ,55280,High school diploma or equivalent,7,None,Short-term on-the-job training
Postal service mail carriers    ,55210,High school diploma or equivalent,7,None,Short-term on-the-job training
Postal service mail sorters,58770,High school diploma or equivalent,7,None,Short-term on-the-job training
Postmasters and mail superintendents    ,75970,High school diploma or equivalent,7,Less than 5 years,Moderate-term on-the-job training
Postsecondary teachers,65660,Doctoral or professional degree,1,None,None
Pourers and casters,37730,High school diploma or equivalent,7,None,Moderate-term on-the-job training
Power distributors and dispatchers    ,86410,High school diploma or equivalent,7,None,Long-term on-the-job training
Power plant operators    ,79610,High school diploma or equivalent,7,None,Long-term on-the-job training
Precision instrument and equipment repairers,57610,High school diploma or equivalent,7,None,Long-term on-the-job training
Prepress technicians and workers    ,40410,Postsecondary nondegree award,5,None,None
Preschool teachers,29780,Associates degree,4,None,None
Pressers,23350,No formal educational credential,8,None,Short-term on-the-job training
Print binding and finishing workers    ,32890,High school diploma or equivalent,7,None,Moderate-term on-the-job training
Printing press operators    ,36220,High school diploma or equivalent,7,None,Moderate-term on-the-job training
Private detectives and investigators    ,50090,High school diploma or equivalent,7,Less than 5 years,Moderate-term on-the-job training
Probation officers and correctional treatment specialists    ,53020,Bachelors degree,3,None,Short-term on-the-job training
Procurement clerks    ,42670,High school diploma or equivalent,7,None,Moderate-term on-the-job training
Producers and directors    ,71680,Bachelors degree,3,Less than 5 years,None
Production workers,30170,High school diploma or equivalent,7,None,Moderate-term on-the-job training
Production,47580,High school diploma or equivalent,7,None,Moderate-term on-the-job training
Proofreaders and copy markers    ,39140,Bachelors degree,3,None,None
Property,58340,High school diploma or equivalent,7,Less than 5 years,None
Prosthodontists    ,176540,Doctoral or professional degree,1,None,Internship/residency
Protective service workers,30720,High school diploma or equivalent,7,None,Short-term on-the-job training
Psychiatric aides    ,29180,High school diploma or equivalent,7,None,Short-term on-the-job training
Psychiatric technicians    ,32870,Postsecondary nondegree award,5,Less than 5 years,Short-term on-the-job training
Psychiatrists    ,>=208000,Doctoral or professional degree,1,None,Internship/residency
Psychologists,100770,Masters degree,2,None,Internship/residency
Psychology teachers,76710,Doctoral or professional degree,1,None,None
Public address system and other announcers    ,27720,High school diploma or equivalent,7,None,Short-term on-the-job training
Public relations and fundraising managers    ,114800,Bachelors degree,3,5 years or more,None
Public relations specialists    ,60000,Bachelors degree,3,None,None
Pump operators,44380,High school diploma or equivalent,7,None,Moderate-term on-the-job training
Purchasing managers    ,118940,Bachelors degree,3,5 years or more,None
Radiation therapists    ,82330,Associates degree,4,None,None
Radio and television announcers    ,33220,Bachelors degree,3,None,None
Radio operators    ,42220,High school diploma or equivalent,7,None,Short-term on-the-job training
Radio,54890,Associates degree,4,None,Moderate-term on-the-job training
Radiologic technologists    ,59520,Associates degree,4,None,None
Rail car repairers    ,56220,High school diploma or equivalent,7,None,Long-term on-the-job training
Rail transportation workers,55410,High school diploma or equivalent,7,None,Moderate-term on-the-job training
Rail yard engineers,52630,High school diploma or equivalent,7,None,Moderate-term on-the-job training
Rail-track laying and maintenance equipment operators    ,56930,High school diploma or equivalent,7,None,Moderate-term on-the-job training
Railroad brake,57260,High school diploma or equivalent,7,None,Moderate-term on-the-job training
Railroad conductors and yardmasters    ,62930,High school diploma or equivalent,7,None,Moderate-term on-the-job training
Real estate brokers    ,58210,High school diploma or equivalent,7,Less than 5 years,None
Real estate sales agents    ,48690,High school diploma or equivalent,7,None,Moderate-term on-the-job training
Receptionists and information clerks    ,29140,High school diploma or equivalent,7,None,Short-term on-the-job training
Recreation and fitness studies teachers,62620,Doctoral or professional degree,1,None,None
Recreation workers    ,25060,High school diploma or equivalent,7,None,Short-term on-the-job training
Recreational therapists    ,47860,Bachelors degree,3,None,None
Recreational vehicle service technicians    ,38160,High school diploma or equivalent,7,None,Long-term on-the-job training
Refractory materials repairers,52190,High school diploma or equivalent,7,None,Moderate-term on-the-job training
Refuse and recyclable material collectors    ,37260,No formal educational credential,8,None,Short-term on-the-job training
Registered nurses    ,71730,Bachelors degree,3,None,None
Rehabilitation counselors    ,35630,Masters degree,2,None,None
Reinforcing iron and rebar workers    ,48320,High school diploma or equivalent,7,None,Apprenticeship
Religious workers,29820,Bachelors degree,3,None,None
Reporters and correspondents    ,41260,Bachelors degree,3,None,None
Reservation and transportation ticket agents and travel clerks    ,37220,High school diploma or equivalent,7,None,Short-term on-the-job training
Residential advisors    ,27860,High school diploma or equivalent,7,None,Short-term on-the-job training
Respiratory therapists    ,60280,Associates degree,4,None,None
Respiratory therapy technicians    ,51210,Associates degree,4,None,None
Retail salespersons    ,24200,No formal educational credential,8,None,Short-term on-the-job training
Riggers    ,50370,High school diploma or equivalent,7,None,Moderate-term on-the-job training
Rock splitters,34750,No formal educational credential,8,None,Short-term on-the-job training
Rolling machine setters,38650,High school diploma or equivalent,7,None,Moderate-term on-the-job training
Roof bolters,58650,High school diploma or equivalent,7,None,Moderate-term on-the-job training
Roofers    ,39970,No formal educational credential,8,None,Moderate-term on-the-job training
Rotary drill operators,53800,No formal educational credential,8,None,Moderate-term on-the-job training
Roustabouts,37580,No formal educational credential,8,None,Moderate-term on-the-job training
Sailors and marine oilers    ,40900,No formal educational credential,8,None,Moderate-term on-the-job training
Sales and related workers,33220,High school diploma or equivalent,7,None,None
Sales engineers    ,101420,Bachelors degree,3,None,Moderate-term on-the-job training
Sales managers    ,124220,Bachelors degree,3,Less than 5 years,None
Sales representatives,54550,High school diploma or equivalent,7,None,Moderate-term on-the-job training
Sales representatives,58510,High school diploma or equivalent,7,None,Moderate-term on-the-job training
Sales representatives,79680,Bachelors degree,3,None,Moderate-term on-the-job training
Sawing machine setters,29500,High school diploma or equivalent,7,None,Moderate-term on-the-job training
Secondary school teachers,60320,Bachelors degree,3,None,None
Secretaries and administrative assistants,36630,High school diploma or equivalent,7,None,Short-term on-the-job training
Securities,64120,Bachelors degree,3,None,Moderate-term on-the-job training
Security and fire alarm systems installers    ,47190,High school diploma or equivalent,7,None,Moderate-term on-the-job training
Security guards    ,28490,High school diploma or equivalent,7,None,Short-term on-the-job training
Self-enrichment education teachers    ,38720,High school diploma or equivalent,7,Less than 5 years,None
Semiconductor processors    ,37270,High school diploma or equivalent,7,None,Moderate-term on-the-job training
Separating,40810,High school diploma or equivalent,7,None,Moderate-term on-the-job training
Septic tank servicers and sewer pipe cleaners    ,38970,High school diploma or equivalent,7,None,Moderate-term on-the-job training
Service unit operators,47860,No formal educational credential,8,None,Moderate-term on-the-job training
Set and exhibit designers    ,54270,Bachelors degree,3,None,None
Sewers,28650,No formal educational credential,8,None,Moderate-term on-the-job training
Sewing machine operators    ,25030,No formal educational credential,8,None,Short-term on-the-job training
Shampooers    ,21640,No formal educational credential,8,None,Short-term on-the-job training
Sheet metal workers    ,48460,High school diploma or equivalent,7,None,Apprenticeship
Ship engineers    ,71130,Postsecondary nondegree award,5,Less than 5 years,None
Shipping,33030,High school diploma or equivalent,7,None,Short-term on-the-job training
Shoe and leather workers and repairers    ,28840,High school diploma or equivalent,7,None,Moderate-term on-the-job training
Shoe machine operators and tenders    ,30430,High school diploma or equivalent,7,None,Short-term on-the-job training
Signal and track switch repairers    ,70490,High school diploma or equivalent,7,None,Moderate-term on-the-job training
Skincare specialists    ,31290,Postsecondary nondegree award,5,None,None
Slaughterers and meat packers    ,28260,No formal educational credential,8,None,Short-term on-the-job training
Social and community service managers    ,65320,Bachelors degree,3,Less than 5 years,None
Social and human service assistants    ,33750,High school diploma or equivalent,7,None,Short-term on-the-job training
Social science research assistants    ,46640,Bachelors degree,3,None,None
Social sciences teachers,71600,Doctoral or professional degree,1,None,None
Social scientists and related workers,81340,Bachelors degree,3,None,None
Social work teachers,68300,Doctoral or professional degree,1,None,None
Social workers,63140,Bachelors degree,3,None,None
Sociologists    ,82050,Masters degree,2,None,None
Sociology teachers,74140,Doctoral or professional degree,1,None,None
Software developers,103620,Bachelors degree,3,None,None
Software developers,110000,Bachelors degree,3,None,None
Soil and plant scientists    ,63950,Bachelors degree,3,None,None
Solar photovoltaic installers    ,42680,High school diploma or equivalent,7,None,Moderate-term on-the-job training
Sound engineering technicians    ,52390,Postsecondary nondegree award,5,None,Short-term on-the-job training
Special education teachers,56680,Bachelors degree,3,None,None
Special education teachers,59390,Bachelors degree,3,None,None
Special education teachers,60250,Bachelors degree,3,None,None
Special education teachers,55840,Bachelors degree,3,None,None
Special education teachers,60600,Bachelors degree,3,None,None
Speech-language pathologists    ,77510,Masters degree,2,None,Internship/residency
Stationary engineers and boiler operators    ,60440,High school diploma or equivalent,7,None,Long-term on-the-job training
Statistical assistants    ,48330,Bachelors degree,3,None,None
Statisticians    ,87780,Masters degree,2,None,None
Stock clerks and order fillers    ,25700,High school diploma or equivalent,7,None,Short-term on-the-job training
Stonemasons    ,41220,High school diploma or equivalent,7,None,Apprenticeship
Structural iron and steel workers    ,53970,High school diploma or equivalent,7,None,Apprenticeship
Structural metal fabricators and fitters    ,39290,High school diploma or equivalent,7,None,Moderate-term on-the-job training
Substance abuse,44630,Bachelors degree,3,None,None
Substitute teachers,28680,Bachelors degree,3,None,None
Subway and streetcar operators    ,68170,High school diploma or equivalent,7,None,Moderate-term on-the-job training
Surgeons    ,>=208000,Doctoral or professional degree,1,None,Internship/residency
Surgical technologists    ,47300,Postsecondary nondegree award,5,None,None
Survey researchers    ,57700,Masters degree,2,None,None
Surveying and mapping technicians    ,44380,High school diploma or equivalent,7,None,Moderate-term on-the-job training
Surveyors    ,62580,Bachelors degree,3,None,Internship/residency
Switchboard operators,29420,High school diploma or equivalent,7,None,Short-term on-the-job training
Tailors,31000,No formal educational credential,8,None,Moderate-term on-the-job training
Tank car,38220,No formal educational credential,8,None,Short-term on-the-job training
Tapers    ,55080,No formal educational credential,8,None,Moderate-term on-the-job training
Tax examiners and collectors,54440,Bachelors degree,3,None,Moderate-term on-the-job training
Tax preparers    ,39390,High school diploma or equivalent,7,None,Moderate-term on-the-job training
Taxi drivers and chauffeurs    ,25980,No formal educational credential,8,None,Short-term on-the-job training
Teacher assistants    ,26970,Some college no degree,6,None,None
Teachers and instructors,39540,Bachelors degree,3,None,None
Technical writers    ,71850,Bachelors degree,3,Less than 5 years,Short-term on-the-job training
Telecommunications equipment installers and repairers,56100,Postsecondary nondegree award,5,None,Moderate-term on-the-job training
Telecommunications line installers and repairers    ,58280,High school diploma or equivalent,7,None,Long-term on-the-job training
Telemarketers    ,25250,No formal educational credential,8,None,Short-term on-the-job training
Telephone operators    ,37240,High school diploma or equivalent,7,None,Short-term on-the-job training
Tellers    ,29450,High school diploma or equivalent,7,None,Short-term on-the-job training
Terrazzo workers and finishers    ,42500,High school diploma or equivalent,7,None,Apprenticeship
Textile bleaching and dyeing machine operators and tenders    ,28780,High school diploma or equivalent,7,None,Short-term on-the-job training
Textile cutting machine setters,28220,High school diploma or equivalent,7,None,Moderate-term on-the-job training
Textile knitting and weaving machine setters,29160,High school diploma or equivalent,7,None,Short-term on-the-job training
Textile winding,28920,High school diploma or equivalent,7,None,Moderate-term on-the-job training
Textile,27750,High school diploma or equivalent,7,None,Short-term on-the-job training
Therapists,50980,Bachelors degree,3,None,None
Tile and marble setters    ,41840,No formal educational credential,8,None,Long-term on-the-job training
Timing device assemblers and adjusters    ,34650,High school diploma or equivalent,7,None,Moderate-term on-the-job training
Tire builders    ,46630,High school diploma or equivalent,7,None,Moderate-term on-the-job training
Tire repairers and changers    ,27890,High school diploma or equivalent,7,None,Short-term on-the-job training
Title examiners,47130,High school diploma or equivalent,7,None,Moderate-term on-the-job training
Tool and die makers    ,52750,Postsecondary nondegree award,5,None,Long-term on-the-job training
Tool grinders,38140,High school diploma or equivalent,7,None,Moderate-term on-the-job training
Tour and travel guides,26570,High school diploma or equivalent,7,None,Moderate-term on-the-job training
Traffic technicians    ,46570,High school diploma or equivalent,7,None,Moderate-term on-the-job training
Training and development managers    ,111340,Bachelors degree,3,5 years or more,None
Training and development specialists    ,60870,Bachelors degree,3,Less than 5 years,None
Transit and railroad police    ,74030,High school diploma or equivalent,7,None,Moderate-term on-the-job training
Transportation attendants,26760,High school diploma or equivalent,7,None,Short-term on-the-job training
Transportation inspectors    ,73780,High school diploma or equivalent,7,None,Moderate-term on-the-job training
Transportation security screeners    ,41490,High school diploma or equivalent,7,None,Short-term on-the-job training
Transportation workers,37490,High school diploma or equivalent,7,None,Short-term on-the-job training
Transportation,94730,High school diploma or equivalent,7,5 years or more,None
Travel agents    ,38700,High school diploma or equivalent,7,None,Moderate-term on-the-job training
Tree trimmers and pruners    ,38190,High school diploma or equivalent,7,None,Short-term on-the-job training
Umpires,27020,High school diploma or equivalent,7,None,Moderate-term on-the-job training
Upholsterers    ,34480,High school diploma or equivalent,7,None,Moderate-term on-the-job training
Urban and regional planners    ,73050,Masters degree,2,None,None
Ushers,22260,No formal educational credential,8,None,Short-term on-the-job training
Veterinarians    ,93830,Doctoral or professional degree,1,None,None
Veterinary assistants and laboratory animal caretakers    ,27540,High school diploma or equivalent,7,None,Short-term on-the-job training
Veterinary technologists and technicians    ,34420,Associates degree,4,None,None
Vocational education teachers,53120,Bachelors degree,3,Less than 5 years,None
Waiters and waitresses    ,21780,No formal educational credential,8,None,Short-term on-the-job training
Watch repairers    ,39910,High school diploma or equivalent,7,None,Long-term on-the-job training
Water and wastewater treatment plant and system operators    ,46780,High school diploma or equivalent,7,None,Long-term on-the-job training
Web developers    ,69430,Associates degree,4,None,None
Weighers,32310,High school diploma or equivalent,7,None,Short-term on-the-job training
Welders,41380,High school diploma or equivalent,7,None,Moderate-term on-the-job training
Welding,37670,High school diploma or equivalent,7,None,Moderate-term on-the-job training
Wellhead pumpers    ,53490,High school diploma or equivalent,7,Less than 5 years,Moderate-term on-the-job training
Wind turbine service technicians    ,54370,Postsecondary nondegree award,5,None,Long-term on-the-job training
Woodworkers,31170,High school diploma or equivalent,7,None,Moderate-term on-the-job training
Woodworking machine setters,29730,High school diploma or equivalent,7,None,Moderate-term on-the-job training
Word processors and typists    ,39750,High school diploma or equivalent,7,None,Short-term on-the-job training
Writers and authors    ,62170,Bachelors degree,3,None,Long-term on-the-job training
Zoologists and wildlife biologists    ,63420,Bachelors degree,3,None,None
